,time,now_force,goal_force,now_pos,k
0,1751029855.0700994,1.0339060425758362,1.0,39.90436935424805,0.05496872054794191
1,1751029855.0767643,1.0277923345565796,1.0339075326919556,39.90436935424805,0.05496872054794191
2,1751029855.0869172,1.020190954208374,1.0445138216018677,39.90452575683594,0.055276291852522724
3,1751029855.09808,1.0119402408599854,1.0544642210006714,39.904754638671875,0.05566296930789545
4,1751029855.1075702,1.0034710764884949,1.0544642210006714,39.90506362915039,0.05609947999429341
5,1751029855.1180875,0.9957295358181,1.065515160560608,39.905216217041016,0.05670596265892657
6,1751029855.1276798,0.9902764856815338,1.0813080072402954,39.905521392822266,0.05707479510397141
7,1751029855.1372697,0.987249881029129,1.0912967920303345,39.90583038330078,0.05721448356232427
8,1751029855.1476517,0.9856681823730469,1.0912967920303345,39.906211853027344,0.057266960987341846
9,1751029855.1576471,0.9849359393119812,1.101258635520935,39.9067497253418,0.05714329223235766
10,1751029855.1667798,0.9846048355102539,1.1147775650024414,39.907745361328125,0.05685804015755939
11,1751029855.1779134,0.9847770929336548,1.1243510246276855,39.90874481201172,0.05661046856367845
12,1751029855.1897104,0.9850208461284637,1.134135127067566,39.909202575683594,0.056384602371373105
13,1751029855.200674,0.9852563142776489,1.144101858139038,39.91019821166992,0.056141649946735796
14,1751029855.2127597,0.9856095314025879,1.1538071632385254,39.91135025024414,0.055926044522374714
15,1751029855.2193213,0.9871513247489929,1.1538071632385254,39.9127311706543,0.05561603284357474
16,1751029855.2293766,0.9904739558696747,1.1636343002319336,39.914344787597656,0.05526378014515477
17,1751029855.236973,0.9954823553562164,1.1770707368850708,39.915340423583984,0.05482773416188929
18,1751029855.246675,1.0016169250011444,1.1868785619735718,39.91725540161133,0.05453294902695036
19,1751029855.2575839,1.009049504995346,1.1966975927352905,39.9187126159668,0.054301211741442826
20,1751029855.266963,1.0177758634090424,1.2065354585647583,39.92116928100586,0.05396752611417355
21,1751029855.2766411,1.0270346403121948,1.216304898262024,39.92369842529297,0.05359396686213119
22,1751029855.2878647,1.0355151891708374,1.216304898262024,39.92592239379883,0.053172314316543075
23,1751029855.305564,1.044876754283905,1.2264732122421265,39.93014144897461,0.052634135619263764
24,1751029855.307379,1.0571039915084839,1.236082911491394,39.93405532836914,0.05190258240889989
25,1751029855.31726,1.0719507932662964,1.2483798265457153,39.93880844116211,0.0510946483867599
26,1751029855.3289752,1.0886747241020203,1.260685920715332,39.943565368652344,0.05009590132152141
27,1751029855.3386328,1.1078621745109558,1.260685920715332,39.9484748840332,0.04882776626749427
28,1751029855.3467567,1.1286447644233704,1.2756301164627075,39.953922271728516,0.04721952577355734
29,1751029855.3568857,1.1511029601097107,1.2850421667099,39.95975112915039,0.04550965815713911
30,1751029855.3670805,1.173790156841278,1.295238971710205,39.965885162353516,0.043708326130487696
31,1751029855.3767576,1.1962116360664368,1.295238971710205,39.970489501953125,0.04188418541197018
32,1751029855.3908665,1.216813087463379,1.306095838546753,39.975624084472656,0.04004104274967941
33,1751029855.3967547,1.235211193561554,1.3154433965682983,39.9796142578125,0.03829676513486772
34,1751029855.4070156,1.251395344734192,1.3290393352508545,39.98452377319336,0.03679100219559969
35,1751029855.4177732,1.2647634744644165,1.3290393352508545,39.988739013671875,0.035502954222133475
36,1751029855.4306796,1.2774989008903503,1.3415615558624268,39.99441909790039,0.034308615831170126
37,1751029855.4398189,1.2913304567337036,1.3511828184127808,39.99978256225586,0.03319098666992811
38,1751029855.4471278,1.3090412020683289,1.3682997226715088,40.005767822265625,0.0320752571435603
39,1751029855.4589736,1.3296011090278625,1.3682997226715088,40.01105880737305,0.03098107371436052
40,1751029855.467183,1.3515180945396423,1.3857415914535522,40.01704406738281,0.029802522006986968
41,1751029855.4783468,1.3733296394348145,1.3857415914535522,40.0221061706543,0.02875403250160077
42,1751029855.4870334,1.3934816718101501,1.4035449028015137,40.02701187133789,0.027787503763159443
43,1751029855.4973867,1.4108139276504517,1.4035449028015137,40.031463623046875,0.027029017058718498
44,1751029855.5101776,1.4253124594688416,1.4137177467346191,40.03560256958008,0.0263692672083154
45,1751029855.5199502,1.4374176263809204,1.4238877296447754,40.0394401550293,0.025787699374202614
46,1751029855.5271423,1.4473890662193298,1.4361238479614258,40.04319763183594,0.0252215637141261
47,1751029855.539983,1.4552496075630188,1.4457577466964722,40.04726028442383,0.02473798156146349
48,1751029855.5475612,1.4610304236412048,1.4555740356445312,40.05109786987305,0.02428139531937964
49,1751029855.5588245,1.4664682149887085,1.4653968811035156,40.05569839477539,0.023847579517910427
50,1751029855.5689692,1.473391354084015,1.4754589796066284,40.06037902832031,0.023498344027056882
51,1751029855.5773377,1.4828758239746094,1.4754589796066284,40.06582260131836,0.023158092143882446
52,1751029855.58795,1.4951232075691223,1.4850529432296753,40.07065200805664,0.0227496315623067
53,1751029855.5969079,1.509328842163086,1.4949066638946533,40.076175689697266,0.02236828412873228
54,1751029855.6104698,1.525430679321289,1.5075500011444092,40.081241607666016,0.02189537173148405
55,1751029855.621233,1.5427483320236206,1.5172098875045776,40.086299896240234,0.021411767175523146
56,1751029855.6278994,1.5594841241836548,1.5270893573760986,40.090518951416016,0.020872763309533332
57,1751029855.636964,1.574096441268921,1.5369577407836914,40.094200134277344,0.02034951285748625
58,1751029855.6466913,1.5862457752227783,1.5467265844345093,40.0974235534668,0.019921312060018875
59,1751029855.6587765,1.5957729816436768,1.5467265844345093,40.10057067871094,0.019621380561048236
60,1751029855.6693504,1.6033581495285034,1.5565650463104248,40.10386657714844,0.019420106762755913
61,1751029855.6778336,1.6100230813026428,1.5678694248199463,40.10731887817383,0.01938544471929282
62,1751029855.6869283,1.617241621017456,1.579088568687439,40.11038589477539,0.01941680991533229
63,1751029855.7034416,1.6253979206085205,1.5886787176132202,40.114524841308594,0.01953964308395531
64,1751029855.7100737,1.6346823573112488,1.5985188484191895,40.117977142333984,0.01965629645134103
65,1751029855.7167768,1.6454089283943176,1.6082823276519775,40.1218147277832,0.019744499814019427
66,1751029855.7304878,1.657399296760559,1.6082823276519775,40.12495422363281,0.019854400418554984
67,1751029855.7405214,1.6693415641784668,1.6204748153686523,40.12825393676758,0.01992737102123074
68,1751029855.746939,1.679807424545288,1.6336159706115723,40.130863189697266,0.020113588997232666
69,1751029855.757482,1.689079463481903,1.6431913375854492,40.134159088134766,0.02049328234360315
70,1751029855.768083,1.6972861289978027,1.6431913375854492,40.137306213378906,0.020908248542836586
71,1751029855.777002,1.7032164931297302,1.6431913375854492,40.139915466308594,0.021298502790115425
72,1751029855.786747,1.7091236114501953,1.6630809307098389,40.14321517944336,0.021637524581416382
73,1751029855.8015432,1.7137402892112732,1.6767737865447998,40.146663665771484,0.022113542631087245
74,1751029855.806946,1.718557357788086,1.6869064569473267,40.15065383911133,0.02269607264532227
75,1751029855.8173814,1.7250344157218933,1.6970279216766357,40.15410232543945,0.023023511279227544
76,1751029855.8302286,1.7336451411247253,1.6970279216766357,40.15770721435547,0.02323275683099229
77,1751029855.8370962,1.742479681968689,1.7071828842163086,40.16123580932617,0.02327154169476806
78,1751029855.8467984,1.7509077191352844,1.7223541736602783,40.165069580078125,0.023280508130760002
79,1751029855.8582466,1.7587401866912842,1.732453465461731,40.1684455871582,0.02329468143877775
80,1751029855.870014,1.7661166787147522,1.732453465461731,40.17243576049805,0.023289126869118725
81,1751029855.8776486,1.7741893529891968,1.7485579252243042,40.176422119140625,0.0232352996314256
82,1751029855.8876214,1.78374445438385,1.7583727836608887,40.18095016479492,0.023229579726876788
83,1751029855.8978474,1.7939545512199402,1.7583727836608887,40.18455123901367,0.02324731999637661
84,1751029855.9132216,1.8040602207183838,1.777848482131958,40.18800735473633,0.023177837020176447
85,1751029855.917214,1.8125256299972534,1.7878127098083496,40.19137954711914,0.02316565634550255
86,1751029855.9274628,1.818329930305481,1.7878127098083496,40.19506072998047,0.023305755750014794
87,1751029855.9412615,1.8215983510017395,1.8047107458114624,40.198665618896484,0.023488302733607067
88,1751029855.9481702,1.8232064247131348,1.8047107458114624,40.203189849853516,0.02381891581962136
89,1751029855.9581666,1.8249149918556213,1.815598487854004,40.20748519897461,0.024047803046252973
90,1751029855.9682245,1.8295125365257263,1.829109787940979,40.211856842041016,0.024235491003346425
91,1751029855.976994,1.8381975889205933,1.8407645225524902,40.216461181640625,0.024297598641293036
92,1751029855.9872391,1.8505053520202637,1.8407645225524902,40.22106170654297,0.024263468659976233
93,1751029856.0009012,1.8646113872528076,1.8552879095077515,40.22550964355469,0.023959619352572358
94,1751029856.0070534,1.8787724375724792,1.8552879095077515,40.22934341430664,0.023611386909502624
95,1751029856.0175996,1.8920356035232544,1.86838698387146,40.23371887207031,0.02317438151933361
96,1751029856.0267828,1.9041717052459717,1.878044605255127,40.23809051513672,0.02280396485177525
97,1751029856.038736,1.915950059890747,1.8915270566940308,40.24238204956055,0.022386666511128975
98,1751029856.0474849,1.9273797273635864,1.8915270566940308,40.245758056640625,0.02200804624673483
99,1751029856.057362,1.9376657605171204,1.9083755016326904,40.24898147583008,0.021610830489248847
100,1751029856.0670002,1.9455302357673645,1.919899582862854,40.25235366821289,0.021503580448136463
101,1751029856.079043,1.951061189174652,1.919899582862854,40.2569580078125,0.021562695059572815
102,1751029856.0890255,1.9536781907081604,1.9385185241699219,40.26055908203125,0.021710502702053033
103,1751029856.0974483,1.9531784653663635,1.9485714435577393,40.264625549316406,0.02206630790059773
104,1751029856.106556,1.9520336985588074,1.9485714435577393,40.269615173339844,0.022412472520694206
105,1751029856.1165009,1.950415313243866,1.9586633443832397,40.27413558959961,0.022717917163156034
106,1751029856.1286728,1.9510695934295654,1.9696249961853027,40.279197692871094,0.02282344478277793
107,1751029856.1383238,1.9552515745162964,1.9797652959823608,40.284873962402344,0.02264223555840639
108,1751029856.1491113,1.9628701210021973,1.9895873069763184,40.292240142822266,0.022259420693972
109,1751029856.1567807,1.9738116264343262,1.9993761777877808,40.29845428466797,0.0216142891714498
110,1751029856.1720588,1.9894200563430786,2.0091991424560547,40.305660247802734,0.02087345351602357
111,1751029856.176784,2.0093847513198853,2.0191848278045654,40.31202697753906,0.02005945411168684
112,1751029856.1867247,2.031387686729431,2.028846025466919,40.3184700012207,0.01924903482356503
113,1751029856.2005274,2.053259015083313,2.028846025466919,40.32414627075195,0.01845709642909915
114,1751029856.2072418,2.072664976119995,2.038754463195801,40.32813262939453,0.017713071356501738
115,1751029856.2171004,2.0887197256088257,2.051945447921753,40.33158493041992,0.01708541046108594
116,1751029856.2357507,2.101806879043579,2.061954975128174,40.33380889892578,0.01663648245208672
117,1751029856.2391038,2.1120102405548096,2.071753978729248,40.33672332763672,0.016341547585784297
118,1751029856.2472625,2.1200727224349976,2.0815553665161133,40.339176177978516,0.016265315190487118
119,1751029856.2569456,2.126239538192749,2.0913822650909424,40.3417854309082,0.016355397440969657
120,1751029856.2702107,2.1313594579696655,2.0913822650909424,40.34469985961914,0.016613473419528943
121,1751029856.2770996,2.136172652244568,2.105285167694092,40.347923278808594,0.01701511435882605
122,1751029856.2867854,2.14217746257782,2.1146411895751953,40.3520622253418,0.017600895403412194
123,1751029856.2994301,2.150210738182068,2.124512195587158,40.35628128051758,0.018112839554477227
124,1751029856.3066182,2.161036491394043,2.1343038082122803,40.36080551147461,0.018390483821685753
125,1751029856.3171105,2.173637270927429,2.1440517902374268,40.36471939086914,0.01844047352545468
126,1751029856.3330414,2.1864607334136963,2.154043674468994,40.36840057373047,0.01835576455181546
127,1751029856.3365343,2.19891357421875,2.154043674468994,40.372005462646484,0.018299362901321413
128,1751029856.3472412,2.2101470232009888,2.1669180393218994,40.375301361083984,0.018211980322126772
129,1751029856.3607147,2.219800353050232,2.1771628856658936,40.37821960449219,0.018259983950070346
130,1751029856.3675222,2.2266454696655273,2.1870980262756348,40.38136291503906,0.018446619832407064
131,1751029856.377522,2.230918765068054,2.1968889236450195,40.38458251953125,0.01867715316166636
132,1751029856.390229,2.2345855236053467,2.2065625190734863,40.38795852661133,0.018902943704874723
133,1751029856.4001174,2.2389419078826904,2.216414451599121,40.39125442504883,0.019116836346106003
134,1751029856.4073045,2.244741916656494,2.216414451599121,40.39486312866211,0.019287977418526652
135,1751029856.4167914,2.2522388696670532,2.226261854171753,40.39769744873047,0.019442004383705237
136,1751029856.4271903,2.2608054876327515,2.2391746044158936,40.40038299560547,0.019617249746115964
137,1751029856.4425876,2.269906759262085,2.251039981842041,40.40314483642578,0.01988635973244187
138,1751029856.4475513,2.279051423072815,2.261056423187256,40.40552520751953,0.020375751102947683
139,1751029856.457347,2.2880388498306274,2.261056423187256,40.408287048339844,0.021038981656715416
140,1751029856.4743867,2.296076774597168,2.270916223526001,40.4111213684082,0.021788477045731374
141,1751029856.4768589,2.3024067878723145,2.283912420272827,40.4138069152832,0.022549997993501988
142,1751029856.4871793,2.3076640367507935,2.2932052612304688,40.417259216308594,0.02329487612383929
143,1751029856.4971573,2.313004970550537,2.3042333126068115,40.42017364501953,0.023748591636455357
144,1751029856.50776,2.3197091817855835,2.313809871673584,40.42362594604492,0.023876173879059822
145,1751029856.517011,2.3287322521209717,2.3235585689544678,40.42745590209961,0.02385672055365384
146,1751029856.5301526,2.3402180671691895,2.3235585689544678,40.430450439453125,0.023613382482663453
147,1751029856.5401716,2.3526755571365356,2.3334567546844482,40.43359375,0.023226531539084605
148,1751029856.5474815,2.364537239074707,2.3475887775421143,40.43658447265625,0.022916512662519893
149,1751029856.5571485,2.3750104904174805,2.357516288757324,40.44026565551758,0.022938093818142904
150,1751029856.5675547,2.3838415145874023,2.367791175842285,40.442955017089844,0.023117734143359863
151,1751029856.5822618,2.3912510871887207,2.3772218227386475,40.445865631103516,0.023308402135273878
152,1751029856.587421,2.3977131843566895,2.3772218227386475,40.44878387451172,0.02356697842565274
153,1751029856.605841,2.4033148288726807,2.3871207237243652,40.45146560668945,0.023810378239337467
154,1751029856.6150005,2.408460855484009,2.3871207237243652,40.45414733886719,0.02405385213415372
155,1751029856.6206164,2.4134488105773926,2.409330129623413,40.4560661315918,0.024271452760582096
156,1751029856.627935,2.4174764156341553,2.421231269836426,40.458675384521484,0.025024239125148885
157,1751029856.6405952,2.4210187196731567,2.421231269836426,40.4614372253418,0.026226649197008997
158,1751029856.6468053,2.425514817237854,2.4330317974090576,40.46419906616211,0.027919169824183097
159,1751029856.6569343,2.4318687915802,2.4467971324920654,40.4674186706543,0.02909148624020229
160,1751029856.6708038,2.4400800466537476,2.456618309020996,40.47048568725586,0.029697962616182058
161,1751029856.6787822,2.4504122734069824,2.466456890106201,40.47370910644531,0.0296258103975326
162,1751029856.6872368,2.4625717401504517,2.466456890106201,40.4769287109375,0.02898714293199809
163,1751029856.7004783,2.4744300842285156,2.4762766361236572,40.480533599853516,0.028116321705204533
164,1751029856.7088528,2.485018253326416,2.4910972118377686,40.48345184326172,0.02717694295265283
165,1751029856.7166376,2.4943474531173706,2.5012922286987305,40.48628616333008,0.026438313598793797
166,1751029856.7273483,2.5018346309661865,2.511098861694336,40.489662170410156,0.02610161114516442
167,1751029856.7427843,2.508838176727295,2.511098861694336,40.493343353271484,0.025896235186897976
168,1751029856.7469106,2.5175787210464478,2.5268282890319824,40.49748611450195,0.025686982761958178
169,1751029856.7576134,2.528620481491089,2.537046432495117,40.501625061035156,0.025703123352949858
170,1751029856.7671504,2.5412356853485107,2.5468082427978516,40.505306243896484,0.025700865216873623
171,1751029856.7776759,2.5548261404037476,2.5468082427978516,40.50937271118164,0.02559049549206126
172,1751029856.7869983,2.5686644315719604,2.556633234024048,40.512516021728516,0.025262280903792636
173,1751029856.7990289,2.5814688205718994,2.5716605186462402,40.51543045043945,0.024875335039975875
174,1751029856.8112595,2.5924147367477417,2.581681251525879,40.51773452758789,0.024823104270353287
175,1751029856.8176603,2.6010546684265137,2.5914647579193115,40.52018737792969,0.02521707558159921
176,1751029856.8267972,2.607159733772278,2.5914647579193115,40.522796630859375,0.02576543638281429
177,1751029856.8404682,2.6113624572753906,2.601296901702881,40.52509689331055,0.02620250358437661
178,1751029856.8493655,2.614341139793396,2.6168956756591797,40.52739715576172,0.02651804424156395
179,1751029856.857093,2.616767168045044,2.626271963119507,40.530391693115234,0.027009550364282556
180,1751029856.867763,2.6195305585861206,2.636101484298706,40.53391647338867,0.0274366470856668
181,1751029856.8774474,2.6236151456832886,2.636101484298706,40.537139892578125,0.02757384175210012
182,1751029856.8877032,2.630036950111389,2.6459670066833496,40.54127883911133,0.027498952694077608
183,1751029856.9047582,2.638833522796631,2.659754753112793,40.544883728027344,0.02724844707310735
184,1751029856.9080524,2.649396777153015,2.670093059539795,40.54825973510742,0.027071820139234114
185,1751029856.917232,2.6612712144851685,2.679844856262207,40.5524787902832,0.027044081484685702
186,1751029856.9305222,2.6734859943389893,2.689697027206421,40.556236267089844,0.026996228511998382
187,1751029856.9374137,2.685848832130432,2.689697027206421,40.56068420410156,0.026936376168611043
188,1751029856.9473221,2.6991201639175415,2.706141471862793,40.56459426879883,0.02685809499706244
189,1751029856.9570093,2.7133772373199463,2.715614080429077,40.56858444213867,0.026906660497356197
190,1751029856.9727783,2.727614164352417,2.725419282913208,40.572113037109375,0.026935110658558078
191,1751029856.9767032,2.7413183450698853,2.725419282913208,40.574951171875,0.02701717332317102
192,1751029856.9878986,2.7538071870803833,2.738945960998535,40.57786560058594,0.02701320989710392
193,1751029857.0017953,2.76350736618042,2.748884916305542,40.58085632324219,0.027146971915206028
194,1751029857.008414,2.7698217630386353,2.760047674179077,40.583160400390625,0.027310082340872923
195,1751029857.017685,2.773096799850464,2.770040988922119,40.5860710144043,0.027588107309910632
196,1751029857.0316439,2.7744827270507812,2.770040988922119,40.58944320678711,0.02791462372735707
197,1751029857.038549,2.77573823928833,2.779892683029175,40.59305191040039,0.028202384987433864
198,1751029857.046793,2.778999924659729,2.7954721450805664,40.596885681152344,0.028395757328534228
199,1751029857.0574946,2.7850069999694824,2.8048365116119385,40.60102844238281,0.028490446732399557
200,1751029857.0709522,2.7926117181777954,2.8147027492523193,40.60501480102539,0.02842613106306585
201,1751029857.077594,2.8005459308624268,2.8147027492523193,40.609004974365234,0.028124106335665516
202,1751029857.0874336,2.807488203048706,2.8301970958709717,40.613224029541016,0.027592884666942714
203,1751029857.1009896,2.8128206729888916,2.8397371768951416,40.617671966552734,0.027148354501029693
204,1751029857.1095023,2.8177425861358643,2.8495709896087646,40.621891021728516,0.026794053718895476
205,1751029857.1174579,2.824249744415283,2.8593554496765137,40.62733840942383,0.02646602774153718
206,1751029857.1276777,2.834115743637085,2.8593554496765137,40.63186264038086,0.02609298453769596
207,1751029857.1422033,2.846975326538086,2.869196891784668,40.63707733154297,0.025684003466738867
208,1751029857.146642,2.861144781112671,2.8818185329437256,40.64060592651367,0.02532507577631498
209,1751029857.1565535,2.87530517578125,2.8914852142333984,40.64535903930664,0.02506002425337098
210,1751029857.1707041,2.888512969017029,2.9014337062835693,40.65019226074219,0.02481995200381513
211,1751029857.1767352,2.9019166231155396,2.911510705947876,40.654563903808594,0.024552007096402366
212,1751029857.1870947,2.9151991605758667,2.9209256172180176,40.6597785949707,0.02430627904301213
213,1751029857.1976066,2.9303590059280396,2.9309749603271484,40.66368865966797,0.024050028580117167
214,1751029857.2095296,2.9472612142562866,2.9309749603271484,40.667911529541016,0.0238682312885117
215,1751029857.2173855,2.9633960723876953,2.9406309127807617,40.67136001586914,0.023724450151848032
216,1751029857.2310715,2.9776960611343384,2.9539926052093506,40.6744270324707,0.02366065992181948
217,1751029857.2385418,2.9883114099502563,2.965731620788574,40.67695999145508,0.02371921551166878
218,1751029857.2469707,2.9943383932113647,2.9754250049591064,40.68018341064453,0.0239138222808144
219,1751029857.2602699,2.996922254562378,2.9754250049591064,40.683250427246094,0.02423697862695171
220,1751029857.269585,2.997117757797241,2.9852733612060547,40.68539810180664,0.024616320315037788
221,1751029857.277141,2.996433973312378,3.0005786418914795,40.688697814941406,0.02513320390853401
222,1751029857.2871609,2.9970568418502808,3.0102295875549316,40.69207000732422,0.02581812570518061
223,1751029857.298795,2.9992549419403076,3.0201854705810547,40.695594787597656,0.02640403774403755
224,1751029857.307842,3.0022836923599243,3.0201854705810547,40.69966506958008,0.026639915707915043
225,1751029857.317664,3.006813406944275,3.0334365367889404,40.70380401611328,0.026521090152748537
226,1751029857.3272488,3.0132311582565308,3.0436089038848877,40.708946228027344,0.026316490903098684
227,1751029857.3430858,3.021563172340393,3.053276777267456,40.71392822265625,0.025947720230757566
228,1751029857.3473794,3.0327903032302856,3.0648276805877686,40.71907043457031,0.02533506490690056
229,1751029857.356833,3.0466363430023193,3.0648276805877686,40.72459030151367,0.024606673162304252
230,1751029857.3734798,3.0614901781082153,3.0745489597320557,40.72919464111328,0.023784799791386327
231,1751029857.377029,3.0772944688796997,3.087662696838379,40.73471450805664,0.023078683093497695
232,1751029857.3872995,3.0952435731887817,3.0977489948272705,40.73923873901367,0.022507264979460425
233,1751029857.3989134,3.1147842407226562,3.107755184173584,40.742767333984375,0.02207996377448313
234,1751029857.4091697,3.134300112724304,3.118434429168701,40.74629592895508,0.02180067833453482
235,1751029857.4181812,3.1524860858917236,3.118434429168701,40.74905776977539,0.02171411636045634
236,1751029857.4313145,3.1676130294799805,3.1281192302703857,40.75151062011719,0.021733866833785705
237,1751029857.4383767,3.1780025959014893,3.1431021690368652,40.75273895263672,0.021921014818375887
238,1751029857.4490829,3.183981776237488,3.153195381164551,40.7542724609375,0.022391572027944548
239,1751029857.4571707,3.1864670515060425,3.1629679203033447,40.75619125366211,0.023253000762650095
240,1751029857.4668832,3.186612844467163,3.1629679203033447,40.75810623168945,0.024244961428572583
241,1751029857.4819539,3.1855489015579224,3.178459882736206,40.7596435546875,0.025452057082590324
242,1751029857.487122,3.1847723722457886,3.1879348754882812,40.76240158081055,0.02698705156964379
243,1751029857.5009239,3.1864430904388428,3.1978161334991455,40.76593017578125,0.02813661301424191
244,1751029857.507487,3.1921639442443848,3.1978161334991455,40.76899719238281,0.02803596440813022
245,1751029857.5173078,3.202857494354248,3.2130179405212402,40.77245330810547,0.0273747019516922
246,1751029857.5279405,3.2173279523849487,3.222806930541992,40.776668548583984,0.026591882635429227
247,1751029857.5390112,3.233795166015625,3.2328619956970215,40.78019714355469,0.025798844274230053
248,1751029857.5475385,3.2513325214385986,3.2424025535583496,40.784339904785156,0.02500423816711955
249,1751029857.560771,3.2685078382492065,3.252268075942993,40.788326263427734,0.024235686909001346
250,1751029857.567236,3.284464120864868,3.252268075942993,40.7913932800293,0.023536361382163713
251,1751029857.5767872,3.29765522480011,3.2674734592437744,40.79415512084961,0.02301530581035359
252,1751029857.5913386,3.307523250579834,3.277219772338867,40.79730224609375,0.022967498373849482
253,1751029857.597699,3.315025568008423,3.2872097492218018,40.79983139038086,0.023252535645839536
254,1751029857.6078677,3.3211684226989746,3.2968950271606445,40.802669525146484,0.023570104346880585
255,1751029857.6170015,3.326712131500244,3.2968950271606445,40.80520248413086,0.023936787759848775
256,1751029857.6269252,3.332174777984619,3.306767225265503,40.8081169128418,0.024288165136207646
257,1751029857.637207,3.3382455110549927,3.3196675777435303,40.810569763183594,0.024677646962430633
258,1751029857.6512594,3.3452640771865845,3.329780340194702,40.81302261352539,0.025205182559156318
259,1751029857.657796,3.351988911628723,3.3398187160491943,40.81501770019531,0.025919527584490686
260,1751029857.67532,3.358452796936035,3.3495450019836426,40.817317962646484,0.026608214474479117
261,1751029857.6771107,3.3649141788482666,3.3593764305114746,40.81916046142578,0.027331792441093704
262,1751029857.6911922,3.370028495788574,3.3593764305114746,40.82146072387695,0.028010478431359332
263,1751029857.6978824,3.3737787008285522,3.3692233562469482,40.823760986328125,0.028560260666348397
264,1751029857.7076461,3.377390503883362,3.383206367492676,40.826290130615234,0.02907642698252606
265,1751029857.721569,3.380936622619629,3.39326810836792,40.82928466796875,0.02964168467489845
266,1751029857.7275157,3.3852851390838623,3.4031035900115967,40.83266067504883,0.029942897066783606
267,1751029857.7427666,3.3919496536254883,3.4129607677459717,40.835960388183594,0.029815733824948995
268,1751029857.7482724,3.4021657705307007,3.4129607677459717,40.840328216552734,0.029499870891672848
269,1751029857.757293,3.4154075384140015,3.423079252243042,40.84400939941406,0.029085894544693063
270,1751029857.7727618,3.430692195892334,3.435685157775879,40.84708023071289,0.028723996984755005
271,1751029857.7776425,3.4457857608795166,3.4451112747192383,40.850990295410156,0.028584446407373253
272,1751029857.7867348,3.458967924118042,3.4554827213287354,40.85382843017578,0.028474109676792175
273,1751029857.7973273,3.4700459241867065,3.464718818664551,40.857357025146484,0.02847551462708171
274,1751029857.8073068,3.4797526597976685,3.4746253490448,40.86103820800781,0.02853476248077979
275,1751029857.8173273,3.48864483833313,3.484398603439331,40.86433410644531,0.02864149131082681
276,1751029857.8273256,3.497024655342102,3.484398603439331,40.86717224121094,0.02882147059771288
277,1751029857.8373878,3.5050724744796753,3.494685649871826,40.870243072509766,0.028893425100441593
278,1751029857.8470898,3.5122557878494263,3.5070931911468506,40.87284851074219,0.028976494699772433
279,1751029857.8570879,3.5181785821914673,3.5171234607696533,40.87553405761719,0.02911076661651394
280,1751029857.8673406,3.5228618383407593,3.5171234607696533,40.87852478027344,0.029382673353300047
281,1751029857.8790882,3.525817632675171,3.5171234607696533,40.88090133666992,0.029694528088282542
282,1751029857.8872962,3.5270406007766724,3.5425286293029785,40.88335418701172,0.030097267662266787
283,1751029857.8972034,3.527090311050415,3.5425286293029785,40.886348724365234,0.031042619021040108
284,1751029857.9067786,3.527132749557495,3.5425286293029785,40.88987731933594,0.0320094020408111
285,1751029857.917435,3.527927279472351,3.568645715713501,40.89324951171875,0.03302293937579249
286,1751029857.9270196,3.5298399925231934,3.5789706707000732,40.89777374267578,0.03444476653196324
287,1751029857.9372406,3.534068465232849,3.5789706707000732,40.90253448486328,0.034766159019391916
288,1751029857.9467642,3.543207883834839,3.5789706707000732,40.9067497253418,0.03451830288307772
289,1751029857.9598467,3.5568177700042725,3.6056017875671387,40.91157913208008,0.033782537047894946
290,1751029857.9676642,3.5722650289535522,3.6160027980804443,40.91587448120117,0.0328899400813867
291,1751029857.9765856,3.587805986404419,3.6160027980804443,40.91994094848633,0.03216442263574803
292,1751029857.9873343,3.6031030416488647,3.6160027980804443,40.92401123046875,0.031453473536235725
293,1751029857.997345,3.617546319961548,3.639878273010254,40.92807388305664,0.030873128624018403
294,1751029858.0075521,3.629908323287964,3.639878273010254,40.931217193603516,0.030700244472554063
295,1751029858.017146,3.639101982116699,3.660233974456787,40.93413543701172,0.030651460259673656
296,1751029858.0303795,3.6449763774871826,3.670193672180176,40.93781661987305,0.031220957788393792
297,1751029858.0369723,3.649194359779358,3.6800432205200195,40.94095993041992,0.03158396943142941
298,1751029858.046917,3.6530697345733643,3.689846992492676,40.944332122802734,0.03163602170703647
299,1751029858.0615778,3.6568360328674316,3.689846992492676,40.947784423828125,0.03154859141133282
300,1751029858.0676277,3.661072611808777,3.689846992492676,40.95185089111328,0.03115709896941829
301,1751029858.076778,3.66591477394104,3.714538812637329,40.95553207397461,0.03063996084982021
302,1751029858.0868914,3.670925259590149,3.724745750427246,40.959598541259766,0.03050870402265069
303,1751029858.0971246,3.676207661628723,3.724745750427246,40.9647331237793,0.030646920534448122
304,1751029858.106951,3.6815093755722046,3.724745750427246,40.96918487548828,0.03087202340287831
305,1751029858.1173735,3.686414361000061,3.7468581199645996,40.97439956665039,0.03113870289852798
306,1751029858.1274354,3.691829800605774,3.7468581199645996,40.98091506958008,0.03128716171023768
307,1751029858.1374164,3.6995493173599243,3.7671847343444824,40.98605728149414,0.03128954905483891
308,1751029858.1469293,3.711075782775879,3.7772727012634277,40.99226760864258,0.03125660245013627
309,1751029858.1626227,3.7267407178878784,3.787118911743164,40.998023986816406,0.031046896794966392
310,1751029858.1706717,3.7453978061676025,3.796938180923462,41.003543853759766,0.030620124595938502
311,1751029858.1776989,3.765565514564514,3.796938180923462,41.009525299072266,0.029997992507438405
312,1751029858.188661,3.786237120628357,3.806849479675293,41.0142822265625,0.029216821186382066
313,1751029858.1987085,3.807585835456848,3.8206732273101807,41.019344329833984,0.02842374014196261
314,1751029858.2068803,3.8280582427978516,3.830019950866699,41.02341079711914,0.02782440811995385
315,1751029858.2193127,3.8461378812789917,3.839892625808716,41.02678680419922,0.027417760764989717
316,1751029858.2274249,3.8609097003936768,3.839892625808716,41.0297737121582,0.027144856758803244
317,1751029858.237359,3.8723994493484497,3.850869655609131,41.03284454345703,0.02704420164932917
318,1751029858.2503536,3.880649447441101,3.8606438636779785,41.036216735839844,0.027144346914083753
319,1751029858.257861,3.8863457441329956,3.871777296066284,41.03928756713867,0.02738553966408163
320,1751029858.2667735,3.890523672103882,3.8831417560577393,41.042659759521484,0.027678907084392218
321,1751029858.2775276,3.8948639631271362,3.8924508094787598,41.04634094238281,0.028002447040015494
322,1751029858.2904205,3.899975299835205,3.902947425842285,41.04994583129883,0.028289055363357695
323,1751029858.297572,3.9064888954162598,3.9130449295043945,41.053550720214844,0.028554632248896924
324,1751029858.307189,3.9154237508773804,3.9130449295043945,41.05685043334961,0.02874024568416348
325,1751029858.323672,3.9265308380126953,3.9228827953338623,41.06037521362305,0.02877149455324713
326,1751029858.3272178,3.9379621744155884,3.935943365097046,41.06367492675781,0.02870501404323492
327,1751029858.336998,3.9488186836242676,3.9460761547088623,41.067203521728516,0.028689432072505176
328,1751029858.3499599,3.9584769010543823,3.955909490585327,41.070274353027344,0.02870745175587966
329,1751029858.3610668,3.9666037559509277,3.955909490585327,41.0741081237793,0.028760290564666693
330,1751029858.372485,3.9745184183120728,3.9721028804779053,41.077484130859375,0.02876206912538752
331,1751029858.377538,3.983350992202759,3.9845025539398193,41.081546783447266,0.028923887115192518
332,1751029858.3899076,3.9922289848327637,3.9845025539398193,41.08477020263672,0.029187015981798264
333,1751029858.3972583,4.00075626373291,3.994443416595459,41.08852767944336,0.029379581473462188
334,1751029858.4085617,4.009921312332153,4.004156112670898,41.09174728393555,0.029429294224553468
335,1751029858.4254534,4.020197749137878,4.004156112670898,41.094970703125,0.029411474665379373
336,1751029858.4280024,4.031010866165161,4.028619289398193,41.09773254394531,0.029303884327747685
337,1751029858.4366946,4.041239500045776,4.028619289398193,41.10087203979492,0.02952901347309792
338,1751029858.4573514,4.050008416175842,4.044489860534668,41.10371398925781,0.029847596500788123
339,1751029858.4576943,4.058601140975952,4.054677963256836,41.10662841796875,0.03053410149914681
340,1751029858.467471,4.067501187324524,4.054677963256836,41.10923385620117,0.03105735150548213
341,1751029858.4801452,4.075757265090942,4.0710649490356445,41.11153793334961,0.031528276511183916
342,1751029858.4870203,4.08247447013855,4.080865859985352,41.11452865600586,0.03195821253194052
343,1751029858.4975677,4.087447166442871,4.090774059295654,41.11705780029297,0.032320740888121466
344,1751029858.507488,4.09134578704834,4.100681304931641,41.11951446533203,0.032381513478996815
345,1751029858.517056,4.094330787658691,4.100681304931641,41.122581481933594,0.032266836252190886
346,1751029858.5296917,4.097800254821777,4.114444732666016,41.12595748901367,0.031914908486346795
347,1751029858.5369325,4.103423833847046,4.126410007476807,41.13017654418945,0.03165310513771211
348,1751029858.546966,4.112022161483765,4.126410007476807,41.133934020996094,0.0312893082958159
349,1751029858.558672,4.124507665634155,4.142675399780273,41.137996673583984,0.03083676906779681
350,1751029858.566865,4.140998125076294,4.142675399780273,41.14252471923828,0.03042643200476713
351,1751029858.5789545,4.1590352058410645,4.159120082855225,41.14582443237305,0.030055602769134167
352,1751029858.5890107,4.175335645675659,4.168397903442383,41.149349212646484,0.030046868664095748
353,1751029858.597319,4.187655210494995,4.178843975067139,41.152339935302734,0.030025275059404923
354,1751029858.6118155,4.197093486785889,4.178843975067139,41.15494918823242,0.02996769384252693
355,1751029858.622421,4.205390214920044,4.194810390472412,41.15778732299805,0.029940284809836737
356,1751029858.6275852,4.2119035720825195,4.205860614776611,41.16024398803711,0.030123136211665565
357,1751029858.6413343,4.215959072113037,4.205860614776611,41.16338348388672,0.03042503157487401
358,1751029858.6471088,4.219053268432617,4.2237749099731445,41.16545867919922,0.03090120517519911
359,1751029858.6589704,4.222045660018921,4.233609199523926,41.16852569580078,0.0315830573139292
360,1751029858.667732,4.224872589111328,4.243445873260498,41.17136001586914,0.03216315490284878
361,1751029858.6768086,4.227882385253906,4.243445873260498,41.174049377441406,0.032514344295376404
362,1751029858.6915236,4.232445240020752,4.260130882263184,41.176883697509766,0.03251913545177627
363,1751029858.6974845,4.238592624664307,4.270174980163574,41.180259704589844,0.03255701682847364
364,1751029858.707545,4.246045351028442,4.270174980163574,41.18355941772461,0.03253312666906377
365,1751029858.7171993,4.2549827098846436,4.286273956298828,41.187469482421875,0.032514677283407394
366,1751029858.732366,4.2657630443573,4.286273956298828,41.19207000732422,0.032226466391004155
367,1751029858.7405477,4.278991222381592,4.300721645355225,41.197513580322266,0.03187247209565374
368,1751029858.7530715,4.295356512069702,4.314499378204346,41.20150375366211,0.03139518582358837
369,1751029858.7676678,4.314218044281006,4.314499378204346,41.206642150878906,0.030883230717792035
370,1751029858.779711,4.352358818054199,4.337663173675537,41.21485137939453,0.03033091838820033
371,1751029858.787379,4.3688342571258545,4.347453594207764,41.218299865722656,0.029812474986880298
372,1751029858.800147,4.383120775222778,4.347453594207764,41.221370697021484,0.02930315131631727
373,1751029858.8097494,4.3947131633758545,4.36083459854126,41.2241325378418,0.028931735110466796
374,1751029858.8174646,4.402637004852295,4.372138977050781,41.226890563964844,0.028803454177545117
375,1751029858.8288977,4.406702280044556,4.384472370147705,41.2291145324707,0.028877210322290604
376,1751029858.84336,4.408000946044922,4.395002365112305,41.23118591308594,0.029294543000999044
377,1751029858.84871,4.408113718032837,4.395002365112305,41.233795166015625,0.02987155842746164
378,1751029858.858946,4.408192157745361,4.406015396118164,41.23686218261719,0.030491580319090474
379,1751029858.8669474,4.409301280975342,4.406015396118164,41.23939514160156,0.030970254318431426
380,1751029858.8790486,4.41243052482605,4.427293300628662,41.24277114868164,0.03132171521471328
381,1751029858.887624,4.41755223274231,4.437207221984863,41.2458381652832,0.03166549584167945
382,1751029858.8991504,4.424128293991089,4.437207221984863,41.24974822998047,0.03201762301532401
383,1751029858.9086125,4.431956768035889,4.4506635665893555,41.253814697265625,0.032365055049729106
384,1751029858.917221,4.441582918167114,4.463985443115234,41.258724212646484,0.03226880833381869
385,1751029858.9291155,4.453473091125488,4.475339412689209,41.26271057128906,0.03187853638715557
386,1751029858.9429836,4.466990232467651,4.475339412689209,41.266849517822266,0.031116830209377513
387,1751029858.9484859,4.480670928955078,4.492936134338379,41.27130126953125,0.03012611886812726
388,1751029858.9593961,4.493357181549072,4.492936134338379,41.27582550048828,0.029370281883658284
389,1751029858.9671614,4.5051679611206055,4.492936134338379,41.279659271240234,0.028664088656229957
390,1751029858.9770644,4.517131328582764,4.513147354125977,41.28433609008789,0.02818415439998196
391,1751029858.9923968,4.529662370681763,4.526050567626953,41.2880973815918,0.027912430854515013
392,1751029858.9973006,4.542272090911865,4.526050567626953,41.29116439819336,0.02776706179250101
393,1751029859.0078228,4.553905963897705,4.5389275550842285,41.29438781738281,0.027834593894500905
394,1751029859.0175323,4.564034700393677,4.552117824554443,41.29730224609375,0.028044908919113317
395,1751029859.0277338,4.572451591491699,4.552117824554443,41.30036926269531,0.028392883847514483
396,1751029859.0409217,4.578399181365967,4.568723678588867,41.30305099487305,0.028733527103388033
397,1751029859.0476174,4.5815980434417725,4.581908702850342,41.306278228759766,0.029223211502424226
398,1751029859.06284,4.583407878875732,4.591725826263428,41.31003189086914,0.029734117891244305
399,1751029859.0787518,4.586102247238159,4.591725826263428,41.31378936767578,0.029989465867744872
400,1751029859.083229,4.591200590133667,4.591725826263428,41.31732177734375,0.029987345452845385
401,1751029859.093734,4.598340272903442,4.6147074699401855,41.321311950683594,0.029727563544279596
402,1751029859.1010246,4.605324745178223,4.624740123748779,41.325374603271484,0.029661606506257886
403,1751029859.1107805,4.6111345291137695,4.624740123748779,41.33005142211914,0.029641918023600847
404,1751029859.1207373,4.616780519485474,4.640312671661377,41.33488464355469,0.029593680811084513
405,1751029859.1276367,4.624271392822266,4.6508402824401855,41.34017562866211,0.02934122190966356
406,1751029859.1441438,4.635246276855469,4.660927772521973,41.34539031982422,0.029046870226509706
407,1751029859.1542828,4.649420976638794,4.67182731628418,41.35007095336914,0.028641572852296234
408,1751029859.157948,4.665068626403809,4.67182731628418,41.3541374206543,0.02823102884831661
409,1751029859.1675546,4.67984676361084,4.681926727294922,41.35866165161133,0.0278447545767662
410,1751029859.1821728,4.6925764083862305,4.697566986083984,41.361576080322266,0.027538306462839578
411,1751029859.1907399,4.702978610992432,4.697566986083984,41.36540985107422,0.02746697093374312
412,1751029859.1981392,4.71132230758667,4.708254814147949,41.36863327026367,0.027511106359900058
413,1751029859.2110238,4.718705415725708,4.72376823425293,41.37185287475586,0.027747666622347553
414,1751029859.221184,4.725771903991699,4.734381198883057,41.37568664550781,0.028085692928862798
415,1751029859.227614,4.734141111373901,4.734381198883057,41.37936782836914,0.028533349221914018
416,1751029859.2432072,4.7443625926971436,4.749187469482422,41.38282012939453,0.028985068010660114
417,1751029859.2485704,4.755305767059326,4.760751247406006,41.38673400878906,0.029406873709594102
418,1751029859.2606902,4.765343904495239,4.760751247406006,41.390567779541016,0.02972546368238469
419,1751029859.2681088,4.774799585342407,4.771499156951904,41.393863677978516,0.029896227861021224
420,1751029859.2787848,4.78385329246521,4.781149387359619,41.3980827331543,0.02991411239913785
421,1751029859.289209,4.792144775390625,4.791287422180176,41.40207290649414,0.029745577135786565
422,1751029859.2999005,4.800466299057007,4.802517890930176,41.405677795410156,0.029415367566739157
423,1751029859.3188546,4.810950994491577,4.802517890930176,41.40928268432617,0.02897169457959649
424,1751029859.322974,4.823503732681274,4.823667526245117,41.41227340698242,0.028456422094293093
425,1751029859.3299358,4.835268497467041,4.823667526245117,41.41587829589844,0.028473328712988782
426,1751029859.3429554,4.844391822814941,4.841323375701904,41.41840744018555,0.028799823966689904
427,1751029859.348122,4.85164999961853,4.850650787353516,41.42216873168945,0.029765056413770915
428,1751029859.3575199,4.857760429382324,4.850650787353516,41.42584991455078,0.030224830069268824
429,1751029859.370513,4.863744497299194,4.860524654388428,41.42960739135742,0.03054097010921694
430,1751029859.383096,4.87039852142334,4.8769612312316895,41.43321228027344,0.0303509478053265
431,1751029859.38876,4.878479957580566,4.886594772338867,41.43666458129883,0.0303142050755751
432,1751029859.3995297,4.888386964797974,4.886594772338867,41.44065475463867,0.030122445212548837
433,1751029859.4069843,4.898995399475098,4.902462959289551,41.443416595458984,0.029934602546762702
434,1751029859.4229035,4.908790826797485,4.902462959289551,41.4467887878418,0.029886088581148933
435,1751029859.427472,4.916546821594238,4.921186447143555,41.44977951049805,0.02992940110975279
436,1751029859.4428988,4.921753644943237,4.921186447143555,41.4533805847168,0.030479551819090015
437,1751029859.4513626,4.92485785484314,4.936749458312988,41.456912994384766,0.031075395465306015
438,1751029859.4568045,4.927702188491821,4.947124481201172,41.460670471191406,0.031654379356275415
439,1751029859.4674976,4.93235969543457,4.95747184753418,41.4649658203125,0.031790943373772876
440,1751029859.4766114,4.9401535987854,4.966824054718018,41.46879959106445,0.03168649503248934
441,1751029859.4870245,4.950378179550171,4.966824054718018,41.4727897644043,0.031305626290959156
442,1751029859.4969788,4.961676120758057,4.976589202880859,41.47624206542969,0.03066072040014449
443,1751029859.5078013,4.972312927246094,4.989113807678223,41.479923248291016,0.02993382072341129
444,1751029859.5176878,4.980453252792358,4.998885631561279,41.483985900878906,0.02928266277216391
445,1751029859.5280619,4.986557245254517,4.998885631561279,41.488128662109375,0.02871493116291627
446,1751029859.538098,4.992308139801025,5.013147830963135,41.492958068847656,0.028252800839593396
447,1751029859.5502322,5.000358581542969,5.0258378982543945,41.4977912902832,0.027929962161884057
448,1751029859.556669,5.013396739959717,5.035487174987793,41.50346755981445,0.0277874176058519
449,1751029859.5708516,5.030371189117432,5.04525899887085,41.508148193359375,0.027724740298391712
450,1751029859.5766656,5.047943115234375,5.0551018714904785,41.51251983642578,0.02766680484277129
451,1751029859.5874221,5.063976764678955,5.064981937408447,41.516048431396484,0.02756125717099416
452,1751029859.5969243,5.077528476715088,5.064981937408447,41.519805908203125,0.02749678184451974
453,1751029859.6104224,5.087213039398193,5.080960750579834,41.52302551269531,0.027415865867099015
454,1751029859.6177874,5.0914671421051025,5.090855121612549,41.52601623535156,0.027504784651482865
455,1751029859.6268718,5.094255685806274,5.090855121612549,41.528778076171875,0.02774655472149083
456,1751029859.6365948,5.0943520069122314,5.107133865356445,41.5316162109375,0.028249487139966747
457,1751029859.6470017,5.0934600830078125,5.107133865356445,41.535221099853516,0.02887912826972007
458,1751029859.6603112,5.0934858322143555,5.119102954864502,41.53974914550781,0.02946716759118556
459,1751029859.6727993,5.096523284912109,5.136184215545654,41.544044494628906,0.029883487941442004
460,1751029859.6765945,5.104480981826782,5.136184215545654,41.5497932434082,0.030102536608235305
461,1751029859.6917653,5.117949485778809,5.1466240882873535,41.554931640625,0.029974668201318024
462,1751029859.6965938,5.137404441833496,5.158712863922119,41.560302734375,0.02963986007259247
463,1751029859.7071345,5.160726547241211,5.169577121734619,41.564212799072266,0.028973847698145722
464,1751029859.726291,5.184158563613892,5.169577121734619,41.568050384521484,0.02821269339708115
465,1751029859.7267768,5.203701019287109,5.1883368492126465,41.57126998901367,0.027346074936279285
466,1751029859.737054,5.216232538223267,5.1883368492126465,41.57426071166992,0.026897234044213857
467,1751029859.7545197,5.2216222286224365,5.199993133544922,41.57725143432617,0.02684422938979247
468,1751029859.7574947,5.222330093383789,5.2134575843811035,41.58055114746094,0.027196305474250723
469,1751029859.766881,5.220924139022827,5.2134575843811035,41.58369445800781,0.02745213879401315
470,1751029859.7770402,5.219746828079224,5.226839542388916,41.587223052978516,0.027709854602111835
471,1751029859.787724,5.2201337814331055,5.240362167358398,41.59128952026367,0.027896022462213153
472,1751029859.797462,5.2230353355407715,5.240362167358398,41.595584869384766,0.028037633594898085
473,1751029859.8080533,5.228317499160767,5.253748893737793,41.6001091003418,0.02809031554790828
474,1751029859.817114,5.234784841537476,5.263588905334473,41.605247497558594,0.02808279766499245
475,1751029859.8275964,5.242841958999634,5.278223037719727,41.61084747314453,0.027952435378961957
476,1751029859.8367314,5.253758430480957,5.278223037719727,41.61713790893555,0.02774355658715951
477,1751029859.852673,5.269005060195923,5.289577007293701,41.62311935424805,0.02735109790109981
478,1751029859.8570857,5.288688659667969,5.303150177001953,41.628257751464844,0.02697347102114608
479,1751029859.86702,5.310391187667847,5.303150177001953,41.6337776184082,0.026653443254968972
480,1751029859.8795328,5.330475807189941,5.31606388092041,41.6385383605957,0.026339478324003324
481,1751029859.8875942,5.346237421035767,5.328467845916748,41.64267349243164,0.026081323948634244
482,1751029859.8978992,5.355531454086304,5.340490818023682,41.64604949951172,0.02591154604595832
483,1751029859.907859,5.357732772827148,5.340490818023682,41.649810791015625,0.02592201497651874
484,1751029859.9176905,5.354265928268433,5.3521881103515625,41.652957916259766,0.025998575685898116
485,1751029859.9271429,5.348446846008301,5.3661065101623535,41.65671157836914,0.026346716164183305
486,1751029859.9366176,5.343462705612183,5.3758039474487305,41.66162109375,0.026772957633702472
487,1751029859.9468699,5.342275619506836,5.3758039474487305,41.66806411743164,0.027148945561738476
488,1751029859.9607365,5.346794128417969,5.387913703918457,41.67404556274414,0.02737136790009588
489,1751029859.9673512,5.357323408126831,5.4026103019714355,41.681331634521484,0.027367080231180042
490,1751029859.9772017,5.373149633407593,5.4122538566589355,41.687469482421875,0.027231995743218287
491,1751029859.987861,5.391705513000488,5.422194957733154,41.69445037841797,0.02685864968452146
492,1751029859.9972346,5.410765886306763,5.422194957733154,41.70143127441406,0.026301385790288064
493,1751029860.0095916,5.4288177490234375,5.432631969451904,41.706260681152344,0.02550230189875926
494,1751029860.0195081,5.44365930557251,5.4455413818359375,41.71047592163086,0.024633590263570836
495,1751029860.0273223,5.452932834625244,5.4455413818359375,41.715309143066406,0.023937199010651253
496,1751029860.0433552,5.456474542617798,5.463666915893555,41.7196044921875,0.02342031016427363
497,1751029860.0477083,5.4571733474731445,5.474323749542236,41.72505187988281,0.023310639987690018
498,1751029860.0604875,5.4591076374053955,5.4837822914123535,41.731266021728516,0.023306541320952265
499,1751029860.067918,5.4659459590911865,5.4837822914123535,41.73732376098633,0.02330132664198204
500,1751029860.078048,5.479543447494507,5.495466709136963,41.744075775146484,0.02327984876294009
501,1751029860.0887716,5.500536203384399,5.511160850524902,41.75105285644531,0.02314760363273983
502,1751029860.0967407,5.527070760726929,5.511160850524902,41.757266998291016,0.022964496101497096
503,1751029860.1067164,5.554743766784668,5.524750232696533,41.7620964050293,0.022630326764784887
504,1751029860.1220872,5.5778398513793945,5.536134719848633,41.76531982421875,0.022352462545337647
505,1751029860.1279874,5.591144800186157,5.5467209815979,41.76762008666992,0.02223055857596013
506,1751029860.1376817,5.591870546340942,5.5467209815979,41.770301818847656,0.022503840608989117
507,1751029860.1545448,5.581044435501099,5.556962490081787,41.7734489440918,0.023018349126215205
508,1751029860.1592839,5.56338095664978,5.5722551345825195,41.77751541137695,0.023670615776093685
509,1751029860.1668928,5.545657157897949,5.5722551345825195,41.782344818115234,0.02418288769457807
510,1751029860.1806824,5.534898042678833,5.586126804351807,41.78978729248047,0.02446998222590151
511,1751029860.188848,5.535454273223877,5.598968982696533,41.79707336425781,0.02446133849549886
512,1751029860.1972895,5.5487565994262695,5.598968982696533,41.80474090576172,0.024201789118605224
513,1751029860.213578,5.572908401489258,5.61515998840332,41.81118392944336,0.0236737000504947
514,1751029860.2187688,5.603635311126709,5.627211093902588,41.81908416748047,0.023065668424351482
515,1751029860.2296085,5.635392427444458,5.627211093902588,41.82429885864258,0.022365852070197582
516,1751029860.2422726,5.662945508956909,5.644181728363037,41.82851791381836,0.021683374529193448
517,1751029860.2529562,5.681761026382446,5.654234409332275,41.831817626953125,0.021138572232524105
518,1751029860.259699,5.689556360244751,5.654234409332275,41.8349609375,0.020864924970209194
519,1751029860.2708392,5.688125848770142,5.670572280883789,41.8384895324707,0.020798696145063272
520,1751029860.2771602,5.680659294128418,5.6801252365112305,41.843170166015625,0.021024429557900695
521,1751029860.2871015,5.67244815826416,5.689965724945068,41.84922790527344,0.02123979666070438
522,1751029860.2973754,5.670675992965698,5.689965724945068,41.855133056640625,0.02129934970947769
523,1751029860.3073413,5.680460691452026,5.699872016906738,41.862266540527344,0.02131480048071742
524,1751029860.316832,5.702677249908447,5.712798595428467,41.867713928222656,0.021192902952176927
525,1751029860.3344803,5.733177423477173,5.723294258117676,41.8731575012207,0.021089298692115482
526,1751029860.344311,5.764811038970947,5.723294258117676,41.877532958984375,0.020994528979153933
527,1751029860.3510683,5.78986668586731,5.741444110870361,41.879676818847656,0.02092907266326979
528,1751029860.375066,5.802114248275757,5.761188983917236,41.882896423339844,0.02099528404928656
529,1751029860.3788755,5.790183782577515,5.761188983917236,41.88534927368164,0.021500430937326655
530,1751029860.3896296,5.7714455127716064,5.7716569900512695,41.88911056518555,0.02238383510921899
531,1751029860.396495,5.753064155578613,5.786428451538086,41.89417266845703,0.02310107903970334
532,1751029860.4068732,5.742858409881592,5.786428451538086,41.90092086791992,0.023577226018545505
533,1751029860.4195545,5.747089624404907,5.797871112823486,41.90874481201172,0.023728048338565955
534,1751029860.4274461,5.7673659324646,5.811222076416016,41.91633605957031,0.02354182797736561
535,1751029860.4367018,5.799323081970215,5.8233842849731445,41.922245025634766,0.023062950355410297
536,1751029860.4532835,5.835327386856079,5.8233842849731445,41.927921295166016,0.02235119877690052
537,1751029860.4573922,5.867815256118774,5.833491802215576,41.93252182006836,0.02143138651639797
538,1751029860.4666605,5.889890193939209,5.849445819854736,41.935516357421875,0.020557016175305046
539,1751029860.476761,5.8983376026153564,5.85872745513916,41.93819808959961,0.020024141706212042
540,1751029860.487585,5.894511461257935,5.8687052726745605,41.94157409667969,0.01984057519184084
541,1751029860.4973948,5.882577180862427,5.8687052726745605,41.94464111328125,0.01975165927421926
542,1751029860.508553,5.867854595184326,5.878835678100586,41.9500846862793,0.019772342956172334
543,1751029860.52219,5.856610536575317,5.892521381378174,41.9554557800293,0.01971924196133635
544,1751029860.527487,5.854726076126099,5.892521381378174,41.963661193847656,0.019759952042546464
545,1751029860.538558,5.866743564605713,5.905819892883301,41.97278594970703,0.019698934865635568
546,1751029860.5468805,5.894193649291992,5.91873836517334,41.980995178222656,0.01958756188688451
547,1751029860.5591145,5.933453559875488,5.929133415222168,41.988590240478516,0.01943697220210231
548,1751029860.5673397,5.975617408752441,5.929133415222168,41.99296188354492,0.019228199298298332
549,1751029860.5781794,6.009761333465576,5.940717697143555,41.995723724365234,0.018980794407530997
550,1751029860.5887983,6.02675724029541,5.957944869995117,41.99664306640625,0.0188130616464654
551,1751029860.5973642,6.02278470993042,5.957944869995117,41.99794387817383,0.01910308116541261
552,1751029860.6093345,6.000468015670776,5.9682087898254395,41.999786376953125,0.0197760860371526
553,1751029860.620886,5.967914819717407,5.980710506439209,42.003929138183594,0.020888382218593588
554,1751029860.6274729,5.93649697303772,5.980710506439209,42.00983428955078,0.02135539116470298
555,1751029860.6400323,5.917072772979736,6.000533580780029,42.0169677734375,0.02168262060292018
556,1751029860.6474876,5.9168665409088135,6.000533580780029,42.02862548828125,0.02168721010512816
557,1751029860.661801,5.939082145690918,6.012790679931641,42.039974212646484,0.021689814778209096
558,1751029860.6669898,5.98168158531189,6.027324199676514,42.0497932434082,0.021303059862888187
559,1751029860.6772664,6.035909175872803,6.027324199676514,42.058998107910156,0.02059945065394312
560,1751029860.690706,6.089421987533569,6.038930892944336,42.064517974853516,0.019614487278001934
561,1751029860.697766,6.1286914348602295,6.049200534820557,42.067359924316406,0.01863112692910799
562,1751029860.7074175,6.142071962356567,6.060182571411133,42.06866455078125,0.017871987624869065
563,1751029860.7171838,6.125369310379028,6.070644378662109,42.0698127746582,0.017556499067460284
564,1751029860.7274067,6.08475136756897,6.070644378662109,42.07272720336914,0.017656317910714255
565,1751029860.7372956,6.0339179039001465,6.083563327789307,42.079402923583984,0.01806964119776783
566,1751029860.7495358,5.989968776702881,6.099325180053711,42.090599060058594,0.0178633240506473
567,1751029860.7566051,5.969408750534058,6.099325180053711,42.107242584228516,0.01764406928230132
568,1751029860.7669156,5.984192609786987,6.110098361968994,42.12358093261719,0.017338402588446187
569,1751029860.7772233,6.036710739135742,6.1256866455078125,42.139610290527344,0.017042703198742192
570,1751029860.7906604,6.114495038986206,6.1256866455078125,42.15188217163086,0.01664382228316485
571,1751029860.7976356,6.192351341247559,6.138343334197998,42.158939361572266,0.01607578404898899
572,1751029860.8102913,6.243366003036499,6.152393817901611,42.16123962402344,0.015492833329636965
573,1751029860.8177197,6.24941611289978,6.1625871658325195,42.16215896606445,0.015120002633392018
574,1751029860.8274157,6.205604553222656,6.1625871658325195,42.16384506225586,0.015234589284115316
575,1751029860.837016,6.124113321304321,6.172657489776611,42.17151641845703,0.015691721176016284
576,1751029860.8469498,6.032080173492432,6.185884475708008,42.18486404418945,0.015588918687320905
577,1751029860.8582923,5.962222337722778,6.196860313415527,42.20541763305664,0.015454434777573191
578,1751029860.8671687,5.941069602966309,6.207826137542725,42.23640441894531,0.015200647793956497
579,1751029860.8834822,5.978160619735718,6.207826137542725,42.26348114013672,0.014900523200107721
580,1751029860.890259,6.062544584274292,6.207826137542725,42.29085922241211,0.014460275567596948
581,1751029860.8969336,6.165314435958862,6.227285861968994,42.31340789794922,0.013813808557712253
582,1751029860.9069934,6.251529216766357,6.238861083984375,42.325069427490234,0.013032861051550404
583,1751029860.9216359,6.2904064655303955,6.249276638031006,42.33381271362305,0.012248755244246927
584,1751029860.927892,6.268035888671875,6.2597551345825195,42.34209442138672,0.011559844685642546
585,1751029860.9373243,6.193358421325684,6.2597551345825195,42.355899810791016,0.010972250109656417
586,1751029860.9504747,6.095826864242554,6.2753496170043945,42.37407684326172,0.01048766547955015
587,1751029860.9613142,6.015005350112915,6.2753496170043945,42.40974426269531,0.010059931646438886
588,1751029860.9728305,5.990512132644653,6.290675640106201,42.45591735839844,0.009642164800154372
589,1751029860.9794643,6.045929908752441,6.305621147155762,42.50607681274414,0.009197128617990496
590,1751029860.987382,6.172094106674194,6.315089702606201,42.55577850341797,0.00870542478939457
591,1751029860.9966764,6.3240439891815186,6.315089702606201,42.58331298828125,0.008145017198150428
592,1751029861.0098615,6.434293270111084,6.325272083282471,42.59535598754883,0.007600786779604916
593,1751029861.017151,6.441641092300415,6.337947368621826,42.59773254394531,0.007117845857992081
594,1751029861.0294333,6.324026823043823,6.348347187042236,42.604331970214844,0.006752245049048342
595,1751029861.0394258,6.11444354057312,6.358053684234619,42.62956237792969,0.00661145963105757
596,1751029861.0481284,5.893273830413818,6.358053684234619,42.686859130859375,0.006485515694319001
597,1751029861.0591605,5.76126766204834,6.369131565093994,42.77168273925781,0.006294727796762101
598,1751029861.0681381,5.792643785476685,6.384403705596924,42.859046936035156,0.005990648693843703
599,1751029861.077406,5.984955310821533,6.3949198722839355,42.948631286621094,0.005608640098873396
600,1751029861.0870156,6.248741626739502,6.404394149780273,43.01926803588867,0.005216767177853244
601,1751029861.0972059,6.449221134185791,6.404394149780273,43.048030853271484,0.0048980323545991696
602,1751029861.1068861,6.472500324249268,6.414289474487305,43.06352615356445,0.00464130712206894
603,1751029861.1185172,6.284809827804565,6.414289474487305,43.080169677734375,0.004437529498240952
604,1751029861.1292176,5.951368093490601,6.438584804534912,43.12641906738281,0.004310396421463732
605,1751029861.1369374,5.598410606384277,6.438584804534912,43.23402404785156,0.00424423257277439
606,1751029861.1492162,5.345462799072266,6.449473857879639,43.37714767456055,0.004139671681219607
607,1751029861.1733606,5.206897258758545,6.474764347076416,43.71937561035156,0.003947147689367178
608,1751029861.1858928,5.10122275352478,6.474764347076416,43.933292388916016,0.003655620481465616
609,1751029861.189226,4.888844728469849,6.493524074554443,44.12688064575195,0.003387476264739953
610,1751029861.2116835,4.5078911781311035,6.503839015960693,44.65418243408203,0.003194831543539395
611,1751029861.2183895,4.509711503982544,6.503839015960693,44.982147216796875,0.0029666150212655333
612,1751029861.2273815,4.589470863342285,6.525754451751709,45.2522087097168,0.0027768604100081207
613,1751029861.2391963,4.628430128097534,6.525754451751709,45.55018615722656,0.0026265852576791834
614,1751029861.249196,4.531904697418213,6.525754451751709,45.84938430786133,0.0024856155746847026
615,1751029861.2571292,4.280248403549194,6.551734447479248,46.20626449584961,0.002330847886234787
616,1751029861.266994,4.019076347351074,6.561642646789551,46.52993392944336,0.0021887436273964646
617,1751029861.2766023,4.069478988647461,6.561642646789551,46.92094802856445,0.002061565050179279
618,1751029861.2869751,4.7840893268585205,6.581305980682373,47.291786193847656,0.0019389504152785386
619,1751029861.296606,6.357240438461304,6.591136932373047,47.55194854736328,0.001824591811738966
620,1751029861.3082442,8.628278255462646,6.591136932373047,47.58784484863281,0.001725388398387335
621,1751029861.3167698,10.960322380065918,6.591136932373047,47.353912353515625,0.0016512687480017265
622,1751029861.327474,12.332915782928467,6.6150054931640625,46.82353591918945,0.0016322447784749914
623,1751029861.3373559,11.777291774749756,6.6150054931640625,46.088687896728516,0.0016990465457446798
624,1751029861.3532345,9.13543701171875,6.6150054931640625,45.59497833251953,0.0017418112637288055
625,1751029861.3572109,5.421576738357544,6.641512393951416,45.41059112548828,0.0017469209088403
626,1751029861.3694806,2.1298781037330627,6.650939464569092,45.7210693359375,0.0018398298311398636
627,1751029861.3776026,0.17849045246839523,6.6607794761657715,46.42232894897461,0.002056771530643065
628,1751029861.3875034,-0.11420536693185568,6.6607794761657715,47.23625564575195,0.002149212968887352
629,1751029861.397811,1.667030394077301,6.677908420562744,48.129798889160156,0.002065421890504476
630,1751029861.4095755,5.989344120025635,6.68892765045166,48.77629470825195,0.0019804731767958253
631,1751029861.4168127,12.480925559997559,6.698221206665039,48.730045318603516,0.001921471574448274
632,1751029861.4272554,19.236515045166016,6.7079644203186035,47.8339729309082,0.0019463806914175091
633,1751029861.436598,23.01730442047119,6.7079644203186035,46.48714065551758,0.002236209175010133
634,1751029861.4468849,21.246703147888184,6.720240592956543,45.308963775634766,0.002456237549501307
635,1751029861.4569705,14.719381332397461,6.735067367553711,43.87944793701172,0.00250568062804727
636,1751029861.4670746,6.993324041366577,6.735067367553711,42.63155746459961,0.002549225724422231
637,1751029861.4790318,1.1316549479961395,6.745025634765625,41.54603576660156,0.002751303884401883
638,1751029861.4869418,-1.7990224361419678,6.7544379234313965,40.36985778808594,0.0032291947361960697
639,1751029861.496733,-2.3150440454483032,6.766961097717285,39.24997329711914,0.003990412225467088
640,1751029861.5076306,-1.5598838925361633,6.766961097717285,38.185855865478516,0.004935670319326629
641,1751029861.51865,-0.5482502281665802,6.785601615905762,37.16115951538086,0.005741389176065841
642,1751029861.527001,0.15012169629335403,6.785601615905762,36.17350387573242,0.006331495863928007
643,1751029861.5364952,0.3811008185148239,6.803077220916748,35.221744537353516,0.006767987390816456
644,1751029861.5502574,0.3902492970228195,6.812502861022949,34.30687713623047,0.00712115691345356
645,1751029861.5565243,0.2375192791223526,6.812502861022949,33.447235107421875,0.007420698936951953
646,1751029861.5666325,0.07666930183768272,6.829200267791748,32.629398345947266,0.007668161513959883
647,1751029861.5821137,-0.022201215848326683,6.829200267791748,31.847759246826172,0.007862649073501395
648,1751029861.5865214,-0.059862446039915085,6.829200267791748,31.10063362121582,0.00801098499622938
649,1751029861.5963771,-0.0522922039963305,6.856684684753418,30.38917350769043,0.008116258566918944
650,1751029861.613978,-0.02228421065956354,6.856684684753418,29.705018997192383,0.008184301899680174
651,1751029861.616955,0.0009147757664322853,6.875887393951416,29.06059455871582,0.008234096807368406
652,1751029861.6271172,0.011364625999704003,6.875887393951416,28.465103149414062,0.008272045769209691
653,1751029861.6365674,0.016804138256702572,6.892891883850098,27.9121036529541,0.008296281621976221
654,1751029861.653741,0.018202474107965827,6.892891883850098,27.393310546875,0.008308175676575474
655,1751029861.6568077,0.013348592259717407,6.892891883850098,26.907806396484375,0.008310487991730427
656,1751029861.670895,0.0025459653697907925,6.892891883850098,26.45673942565918,0.00830722849919801
657,1751029861.6809132,-0.005658370908349752,6.930105686187744,26.04218292236328,0.008301243198106333
658,1751029861.6873188,-0.0049743810668587685,6.930105686187744,25.665973663330078,0.008297382306030075
659,1751029861.6970646,0.0033997362479567528,6.945126533508301,25.322439193725586,0.008299248079333318
660,1751029861.7109854,0.011186102870851755,6.945126533508301,25.008203506469727,0.008308556669837486
661,1751029861.7165475,0.013870112597942352,6.9626617431640625,24.72894287109375,0.008324563795822486
662,1751029861.7268775,0.012589043122716248,6.9626617431640625,24.48235511779785,0.008338970209208988
663,1751029861.7374356,0.010433187941089272,6.982260704040527,24.275497436523438,0.008337440131647464
664,1751029861.7539208,0.00879906490445137,6.982260704040527,24.105302810668945,0.008328433667310842
665,1751029861.7568493,0.008759883232414722,6.999269008636475,23.972843170166016,0.008324142546673508
666,1751029861.767128,0.010972837917506695,6.999269008636475,23.877046585083008,0.008324858174818657
667,1751029861.7822402,0.014060292392969131,7.013616561889648,23.82113265991211,0.008324858174818657
668,1751029861.7889316,0.016532320994883776,7.013616561889648,23.800579071044922,0.008324858174818657
669,1751029861.7964182,0.015744493808597326,7.013616561889648,23.800655364990234,0.008324858174818657
670,1751029861.8070564,0.009308199863880873,7.040831089019775,23.800731658935547,0.008324858174818657
671,1751029861.8201792,-0.0020481105893850327,7.040831089019775,23.800884246826172,0.008324858174818657
672,1751029861.827022,-0.014280294999480247,7.040831089019775,23.80103874206543,0.008324858174818657
673,1751029861.8368907,-0.023034464102238417,7.069475173950195,23.80103874206543,0.008324858174818657
674,1751029861.8528357,-0.026740998961031437,7.069475173950195,23.80103874206543,0.008324858174818657
675,1751029861.8570347,-0.02669634995982051,7.069475173950195,23.801115036010742,0.008324858174818657
676,1751029861.8674314,-0.024794007185846567,7.099278450012207,23.801115036010742,0.008324858174818657
677,1751029861.8862476,-0.022693547420203686,7.099278450012207,23.801191329956055,0.008324858174818657
678,1751029861.88638,-0.02140415459871292,7.099278450012207,23.801267623901367,0.008324858174818657
679,1751029861.8982785,-0.021168545819818974,7.127993583679199,23.801267623901367,0.008324858174818657
680,1751029861.9187756,-0.021211098413914442,7.127993583679199,23.801267623901367,0.008324858174818657
681,1751029861.9188895,-0.02122558979317546,7.127993583679199,23.801267623901367,0.008324858174818657
682,1751029861.9266572,-0.02125026797875762,7.1525373458862305,23.801267623901367,0.008324858174818657
683,1751029861.938955,-0.02119929390028119,7.1525373458862305,23.801267623901367,0.008324858174818657
684,1751029861.9474103,-0.021743818651884794,7.170222282409668,23.801267623901367,0.008324858174818657
685,1751029861.9569643,-0.02256485028192401,7.170222282409668,23.801267623901367,0.008324858174818657
686,1751029861.966691,-0.023149155545979738,7.186939716339111,23.801267623901367,0.008324858174818657
687,1751029861.9775207,-0.02371409023180604,7.186939716339111,23.801267623901367,0.008324858174818657
688,1751029861.9866645,-0.023662595078349113,7.186939716339111,23.801267623901367,0.008324858174818657
689,1751029861.996523,-0.022994827944785357,7.186939716339111,23.801267623901367,0.008324858174818657
690,1751029862.0138614,-0.022593822330236435,7.217446327209473,23.801267623901367,0.008324858174818657
691,1751029862.0173762,-0.02278495952486992,7.217446327209473,23.801267623901367,0.008324858174818657
692,1751029862.0273247,-0.023205277742817998,7.242112636566162,23.801267623901367,0.008324858174818657
693,1751029862.0389185,-0.02329800184816122,7.242112636566162,23.801267623901367,0.008324858174818657
694,1751029862.0475698,-0.023473097942769527,7.261882781982422,23.801267623901367,0.008324858174818657
695,1751029862.0569456,-0.02399037778377533,7.261882781982422,23.801267623901367,0.008324858174818657
696,1751029862.067141,-0.02427987614646554,7.261882781982422,23.801267623901367,0.008324858174818657
697,1751029862.0847893,-0.024414822459220886,7.286529541015625,23.801267623901367,0.008324858174818657
698,1751029862.0881376,-0.024220668245106936,7.286529541015625,23.801267623901367,0.008324858174818657
699,1751029862.097068,-0.02361714979633689,7.301648139953613,23.801267623901367,0.008324858174818657
700,1751029862.1116157,-0.023217500653117895,7.3120222091674805,23.801267623901367,0.008324858174818657
701,1751029862.117239,-0.023362621665000916,7.321466445922852,23.801267623901367,0.008324858174818657
702,1751029862.1264966,-0.02370693488046527,7.321466445922852,23.801267623901367,0.008324858174818657
703,1751029862.1365306,-0.023794570472091436,7.336058139801025,23.801267623901367,0.008324858174818657
704,1751029862.1513486,-0.023707269225269556,7.3456220626831055,23.801267623901367,0.008324858174818657
705,1751029862.2094266,-0.02421677764505148,7.356024265289307,23.801267623901367,0.008324858174818657
706,1751029862.2194612,-0.02395230857655406,7.356024265289307,23.801267623901367,0.008324858174818657
707,1751029862.2270157,-0.02400356251746416,7.415878772735596,23.801267623901367,0.008324858174818657
708,1751029862.2423966,-0.024480448570102453,7.415878772735596,23.801267623901367,0.008324858174818657
709,1751029862.2506442,-0.024952875915914774,7.415878772735596,23.801267623901367,0.008324858174818657
710,1751029862.257076,-0.02539748535491526,7.415878772735596,23.801267623901367,0.008324858174818657
711,1751029862.266822,-0.02567204274237156,7.450171947479248,23.801267623901367,0.008324858174818657
712,1751029862.2818286,-0.02571176877245307,7.461463451385498,23.801267623901367,0.008324858174818657
713,1751029862.2864783,-0.02543905656784773,7.461463451385498,23.801267623901367,0.008324858174818657
714,1751029862.296396,-0.024901565862819552,7.479907035827637,23.801267623901367,0.008324858174818657
715,1751029862.312396,-0.02447842829860747,7.489579677581787,23.801267623901367,0.008324858174818657
716,1751029862.3165548,-0.02445871662348509,7.4997053146362305,23.801345825195312,0.008324858174818657
717,1751029862.327149,-0.024082751478999853,7.4997053146362305,23.801345825195312,0.008324858174818657
718,1751029862.3400939,-0.023106832522898912,7.518176078796387,23.801345825195312,0.008324858174818657
719,1751029862.3540547,-0.022313239984214306,7.527751922607422,23.801345825195312,0.008324858174818657
720,1751029862.3573937,-0.02209884813055396,7.527751922607422,23.801345825195312,0.008324858174818657
721,1751029862.3692613,-0.022488639689981937,7.540751934051514,23.801345825195312,0.008324858174818657
722,1751029862.3823462,-0.023421211633831263,7.5500168800354,23.801345825195312,0.008324858174818657
723,1751029862.3871357,-0.02448724489659071,7.559891223907471,23.801345825195312,0.008324858174818657
724,1751029862.3992229,-0.025130449794232845,7.5727434158325195,23.801345825195312,0.008324858174818657
725,1751029862.4080522,-0.024984130170196295,7.5727434158325195,23.801345825195312,0.008324858174818657
726,1751029862.4170673,-0.024447138886898756,7.5844902992248535,23.801345825195312,0.008324858174818657
727,1751029862.427481,-0.024054046720266342,7.5844902992248535,23.801345825195312,0.008324858174818657
728,1751029862.4368138,-0.02436582650989294,7.601503849029541,23.801345825195312,0.008324858174818657
729,1751029862.4514976,-0.024525322951376438,7.613077163696289,23.801345825195312,0.008324858174818657
730,1751029862.456422,-0.024783118162304163,7.613077163696289,23.801345825195312,0.008324858174818657
731,1751029862.4707706,-0.025324567686766386,7.635753154754639,23.801267623901367,0.008324858174818657
732,1751029862.4847562,-0.025501684518530965,7.635753154754639,23.801267623901367,0.008324858174818657
733,1751029862.486924,-0.02547707688063383,7.635753154754639,23.801267623901367,0.008324858174818657
734,1751029862.4972687,-0.025184319587424397,7.635753154754639,23.801267623901367,0.008324858174818657
735,1751029862.5090246,-0.02459379890933633,7.668689727783203,23.801267623901367,0.008324858174818657
736,1751029862.5162158,-0.023676850832998753,7.668689727783203,23.801267623901367,0.008324858174818657
737,1751029862.527067,-0.02297552488744259,7.687017440795898,23.801267623901367,0.008324858174818657
738,1751029862.5440469,-0.02280489867553115,7.696519374847412,23.801267623901367,0.008324858174818657
739,1751029862.546754,-0.022686096373945475,7.696519374847412,23.801267623901367,0.008324858174818657
740,1751029862.5608404,-0.022900594398379326,7.715560436248779,23.801267623901367,0.008324858174818657
741,1751029862.5701096,-0.023376292549073696,7.7250895500183105,23.801267623901367,0.008324858174818657
742,1751029862.5768578,-0.02414741017855704,7.734867095947266,23.801267623901367,0.008324858174818657
743,1751029862.5872219,-0.024972141720354557,7.734867095947266,23.801267623901367,0.008324858174818657
744,1751029862.5967379,-0.02526778564788401,7.734867095947266,23.801345825195312,0.008324858174818657
745,1751029862.609268,-0.025389075744897127,7.756303787231445,23.801345825195312,0.008324858174818657
746,1751029862.6171217,-0.02552728238515556,7.756303787231445,23.801345825195312,0.008324858174818657
747,1751029862.628049,-0.024826229317113757,7.776205539703369,23.801345825195312,0.008324858174818657
748,1751029862.6439857,-0.023586228024214506,7.7858147621154785,23.801345825195312,0.008324858174818657
749,1751029862.6472888,-0.02270933100953698,7.7858147621154785,23.801345825195312,0.008324858174818657
750,1751029862.657039,-0.023242085706442595,7.804905414581299,23.801345825195312,0.008324858174818657
751,1751029862.6681502,-0.024916300550103188,7.804905414581299,23.801345825195312,0.008324858174818657
752,1751029862.6772244,-0.026152823818847537,7.816007614135742,23.801345825195312,0.008324858174818657
753,1751029862.6867015,-0.026506093330681324,7.816007614135742,23.801345825195312,0.008324858174818657
754,1751029862.697315,-0.02625504811294377,7.8369646072387695,23.801345825195312,0.008324858174818657
755,1751029862.7149842,-0.025468199281021953,7.8369646072387695,23.801267623901367,0.008324858174818657
756,1751029862.7171881,-0.02474650531075895,7.8369646072387695,23.801267623901367,0.008324858174818657
757,1751029862.7266388,-0.02418483723886311,7.868777275085449,23.801267623901367,0.008324858174818657
758,1751029862.7400413,-0.02378351171500981,7.868777275085449,23.801267623901367,0.008324858174818657
759,1751029862.7679977,-0.023624917026609182,7.892735481262207,23.801267623901367,0.008324858174818657
760,1751029862.771375,-0.024097641464322805,7.892735481262207,23.801267623901367,0.008324858174818657
761,1751029862.7896667,-0.02461282117292285,7.892735481262207,23.801267623901367,0.008324858174818657
762,1751029862.804715,-0.023998546414077282,7.892735481262207,23.801267623901367,0.008324858174818657
763,1751029862.8115478,-0.02350877085700631,7.940303802490234,23.801267623901367,0.008324858174818657
764,1751029862.8167133,-0.023141947109252214,7.940303802490234,23.801267623901367,0.008324858174818657
765,1751029862.8279462,-0.02273443713784218,7.951465606689453,23.801267623901367,0.008324858174818657
766,1751029862.8374746,-0.022345741279423237,7.960726261138916,23.801267623901367,0.008324858174818657
767,1751029862.8470926,-0.022366122342646122,7.9706573486328125,23.801267623901367,0.008324858174818657
768,1751029862.8571117,-0.023014293517917395,7.980523109436035,23.801345825195312,0.008324858174818657
769,1751029862.8689885,-0.023852915037423372,7.990768909454346,23.801267623901367,0.008324858174818657
770,1751029862.878131,-0.02390333916991949,8.000504493713379,23.801267623901367,0.008324858174818657
771,1751029862.8866909,-0.023088576272130013,8.010083198547363,23.801267623901367,0.008324858174818657
772,1751029862.8995016,-0.022276214323937893,8.010083198547363,23.801267623901367,0.008324858174818657
773,1751029862.9066293,-0.021882208064198494,8.010083198547363,23.801345825195312,0.008324858174818657
774,1751029862.9167552,-0.022016161121428013,8.038516998291016,23.801345825195312,0.008324858174818657
775,1751029862.9268756,-0.022636623587459326,8.038516998291016,23.801345825195312,0.008324858174818657
776,1751029862.9369445,-0.02353687211871147,8.038516998291016,23.801267623901367,0.008324858174818657
777,1751029862.9472108,-0.023859056644141674,8.038516998291016,23.801267623901367,0.008324858174818657
778,1751029862.957066,-0.023664459120482206,8.06847858428955,23.801345825195312,0.008324858174818657
779,1751029862.9688423,-0.023435086477547884,8.06847858428955,23.801115036010742,0.008324858174818657
780,1751029862.9805112,-0.023510016035288572,8.06847858428955,23.801345825195312,0.008324858174818657
781,1751029862.9889524,-0.02384015778079629,8.06847858428955,23.801267623901367,0.008324858174818657
782,1751029862.9971662,-0.024242487736046314,8.06847858428955,23.801267623901367,0.008324858174818657
783,1751029863.0074122,-0.024406191427260637,8.112971305847168,23.801267623901367,0.008324858174818657
784,1751029863.0167568,-0.024142015725374222,8.123175621032715,23.801345825195312,0.008324858174818657
785,1751029863.0337577,-0.02352795470505953,8.1333589553833,23.801345825195312,0.008324858174818657
786,1751029863.0373704,-0.02306133392266929,8.14516544342041,23.801345825195312,0.008324858174818657
787,1751029863.0561645,-0.023233887972310185,8.154657363891602,23.801345825195312,0.008324858174818657
788,1751029863.0564396,-0.023910315707325935,8.154657363891602,23.801345825195312,0.008324858174818657
789,1751029863.0689898,-0.02464608335867524,8.164438247680664,23.801345825195312,0.008324858174818657
790,1751029863.076436,-0.02457389049232006,8.174222946166992,23.801345825195312,0.008324858174818657
791,1751029863.0870323,-0.023708167020231485,8.184096336364746,23.801345825195312,0.008324858174818657
792,1751029863.1041224,-0.023044580593705177,8.193903923034668,23.801345825195312,0.008324858174818657
793,1751029863.1074233,-0.023042884189635515,8.203705787658691,23.801345825195312,0.008324858174818657
794,1751029863.1173508,-0.023482608143240213,8.203705787658691,23.801267623901367,0.008324858174818657
795,1751029863.12694,-0.02349167689681053,8.220226287841797,23.801267623901367,0.008324858174818657
796,1751029863.1385381,-0.02319442294538021,8.229525566101074,23.801345825195312,0.008324858174818657
797,1751029863.1477215,-0.022938035428524017,8.239855766296387,23.801267623901367,0.008324858174818657
798,1751029863.1567156,-0.022804714273661375,8.24985122680664,23.801267623901367,0.008324858174818657
799,1751029863.1741836,-0.022758071310818195,8.24985122680664,23.801267623901367,0.008324858174818657
800,1751029863.1810107,-0.023235980421304703,8.268366813659668,23.801267623901367,0.008324858174818657
801,1751029863.1877265,-0.024434339022263885,8.279314994812012,23.801267623901367,0.008324858174818657
802,1751029863.1988227,-0.025398296071216464,8.279314994812012,23.801267623901367,0.008324858174818657
803,1751029863.2073023,-0.025143947917968035,8.279314994812012,23.801267623901367,0.008324858174818657
804,1751029863.2192569,-0.023952726274728775,8.298700332641602,23.801267623901367,0.008324858174818657
805,1751029863.226874,-0.022526326589286327,8.3082857131958,23.801267623901367,0.008324858174818657
806,1751029863.236619,-0.021447293926030397,8.318429946899414,23.801267623901367,0.008324858174818657
807,1751029863.2495227,-0.02131314715370536,8.332404136657715,23.801267623901367,0.008324858174818657
808,1751029863.263707,-0.022205655463039875,8.332404136657715,23.801267623901367,0.008324858174818657
809,1751029863.2669847,-0.02359897131100297,8.343589782714844,23.801267623901367,0.008324858174818657
810,1751029863.277844,-0.02506577270105481,8.343589782714844,23.801267623901367,0.008324858174818657
811,1751029863.2867622,-0.026391909923404455,8.363995552062988,23.801267623901367,0.008324858174818657
812,1751029863.2991664,-0.027210160857066512,8.373459815979004,23.801267623901367,0.008324858174818657
813,1751029863.3098156,-0.027158701326698065,8.373459815979004,23.801267623901367,0.008324858174818657
814,1751029863.340332,-0.022373066749423742,8.401517868041992,23.801267623901367,0.008324858174818657
815,1751029863.3503928,-0.021776721812784672,8.401517868041992,23.801345825195312,0.008324858174818657
816,1751029863.3727233,-0.02240479039028287,8.42731761932373,23.801267623901367,0.008324858174818657
817,1751029863.3771162,-0.023238493129611015,8.42731761932373,23.801267623901367,0.008324858174818657
818,1751029863.405257,-0.024990021716803312,8.46723747253418,23.801267623901367,0.008324858174818657
819,1751029863.406629,-0.025263801449909806,8.46723747253418,23.801345825195312,0.008324858174818657
820,1751029863.4204245,-0.025560561567544937,8.46723747253418,23.801345825195312,0.008324858174818657
